{
  "default": {
    "1": 0.42,
    "2": 0.30,
    "3": 0.15,
    "4": 0.08,
    "5": 0.03,
    "6": 0.015,
    "7": 0.00417,
    "8": 0.00083
  },
  "fiftyDonation": {
    "1": 0.35,
    "2": 0.25,
    "3": 0.15,
    "4": 0.08,
    "5": 0.03,
    "6": 0.015,
    "7": 0.00417,
    "8": 0.00083,
    "💣": 0.12
  },
  "hundredDonation": {
    "1": 0.31375,
    "2": 0.25,
    "3": 0.15,
    "4": 0.08,
    "5": 0.03,
    "6": 0.015,
    "7": 0.00417,
    "8": 0.00083,
    "💣": 0.15625
  },
  "twohundredDonation": {
    "1": 0.31375,
    "2": 0.20,
    "3": 0.15,
    "4": 0.08,
    "5": 0.03,
    "6": 0.015,
    "7": 0.00417,
    "8": 0.00083,
    "💣": 0.20625
  }
}
