{
  "default": {
    "1": 0.35,
    "2": 0.25,
    "3": 0.18,
    "4": 0.12,
    "5": 0.06,
    "6": 0.03,
    "7": 0.00917,
    "8": 0.00083
  },
  "fiftyDonation": {
    "1": 0.31,
    "2": 0.20,
    "3": 0.15,
    "4": 0.12,
    "5": 0.06,
    "6": 0.03,
    "7": 0.00917,
    "8": 0.00083,
    "💣": 0.12
  },
  "hundredDonation": {
    "1": 0.27375,
    "2": 0.20,
    "3": 0.15,
    "4": 0.12,
    "5": 0.06,
    "6": 0.03,
    "7": 0.00917,
    "8": 0.00083,
    "💣": 0.15625
  },
  "twohundredDonation": {
    "1": 0.22375,
    "2": 0.20,
    "3": 0.15,
    "4": 0.12,
    "5": 0.06,
    "6": 0.03,
    "7": 0.00917,
    "8": 0.00083,
    "💣": 0.20625
  }
}
